City_ID,City,Country,Date,Lat,Long,Max Temp,Humidity,Cloudiness,Wind Speed
0,Grand Forks,US,2022-04-12 20:13:06,47.9417,-97.4337,30.13,93,100,20.71
1,Upernavik,GL,2022-04-12 20:16:16,72.7868,-56.1549,12.04,92,100,9.64
2,Gobabis,NA,2022-04-12 20:16:16,-22.45,18.9667,73.96,35,100,5.73
3,Sorong,ID,2022-04-12 20:16:16,-0.8833,131.25,81.55,76,100,5.79
4,Albany,US,2022-04-12 20:15:07,42.6001,-73.9662,68.04,35,0,3.0
5,Conde,BR,2022-04-12 20:16:17,-7.2597,-34.9075,81.86,74,20,9.22
6,Carnarvon,AU,2022-04-12 20:16:17,-24.8667,113.6333,60.87,77,0,9.22
7,Abonnema,NG,2022-04-12 20:16:17,4.7084,6.7931,80.89,80,100,3.67
8,Mataura,NZ,2022-04-12 20:16:18,-46.1927,168.8643,48.47,96,84,2.82
9,Highland Park,US,2022-04-12 20:15:09,42.1817,-87.8003,71.35,40,75,10.0
10,Cabo San Lucas,MX,2022-04-12 20:12:46,22.8909,-109.9124,84.51,39,40,10.36
11,Esperance,AU,2022-04-12 20:16:19,-33.8667,121.9,64.49,87,98,12.01
12,Ribeira Grande,PT,2022-04-12 20:16:19,38.5167,-28.7,63.0,88,75,11.5
13,Punta Arenas,CL,2022-04-12 20:13:35,-53.15,-70.9167,51.12,60,40,32.21
14,Jiamusi,CN,2022-04-12 20:16:19,46.8333,130.35,34.7,60,51,4.76
15,Christchurch,NZ,2022-04-12 20:15:05,-43.5333,172.6333,51.01,90,100,1.14
16,Hobart,AU,2022-04-12 20:14:43,-42.8794,147.3294,53.46,81,5,8.05
17,Hithadhoo,MV,2022-04-12 20:16:20,-0.6,73.0833,83.48,69,26,12.71
18,Karaton,ID,2022-04-12 20:16:20,-6.3424,106.1045,73.11,94,14,2.01
19,Ushuaia,AR,2022-04-12 20:16:21,-54.8,-68.3,44.22,75,75,36.82
20,Vaini,TO,2022-04-12 20:16:21,-21.2,-175.2,82.56,78,20,9.22
21,Hobyo,SO,2022-04-12 20:12:28,5.3505,48.5268,82.92,72,6,12.55
22,Farah,AF,2022-04-12 20:13:28,32.5,62.5,68.81,16,0,1.79
23,Puerto Ayora,EC,2022-04-12 20:16:22,-0.7393,-90.3518,84.16,78,59,9.06
24,Andapa,MG,2022-04-12 20:16:22,-14.65,49.65,67.17,99,38,2.51
25,Kodiak,US,2022-04-12 20:16:22,57.79,-152.4072,42.31,75,20,9.22
26,Antofagasta,CL,2022-04-12 20:16:23,-23.65,-70.4,63.68,74,5,9.04
27,Busselton,AU,2022-04-12 20:16:23,-33.65,115.3333,55.63,86,0,9.1
28,Rikitea,PF,2022-04-12 20:16:23,-23.1203,-134.9692,79.3,69,6,17.31
29,Victoria,HK,2022-04-12 20:15:02,22.2855,114.1577,78.19,88,13,5.99
30,Kaitangata,NZ,2022-04-12 20:16:24,-46.2817,169.8464,47.01,81,100,5.03
31,Boone,US,2022-04-12 20:12:08,39.0334,-92.3335,83.25,78,97,19.33
32,Palencia,ES,2022-04-12 20:16:24,42.4167,-4.5,46.92,76,95,3.71
33,Hasaki,JP,2022-04-12 20:13:32,35.7333,140.8333,54.0,93,7,11.92
34,Shimonoseki,JP,2022-04-12 20:16:24,33.95,130.95,62.6,94,75,2.3
35,Luanda,AO,2022-04-12 20:16:25,-8.8368,13.2343,78.35,89,100,7.16
36,Axim,GH,2022-04-12 20:16:25,4.8699,-2.2405,81.55,81,100,11.39
37,Balkanabat,TM,2022-04-12 20:16:25,39.5108,54.3671,82.2,18,12,13.85
38,Marzuq,YE,2022-04-12 20:16:26,14.4,46.4667,74.23,23,0,7.05
39,Cayenne,GF,2022-04-12 20:16:26,4.9333,-52.3333,82.44,1,75,13.8
40,Rio Gallegos,AR,2022-04-12 20:16:26,-51.6226,-69.2181,57.25,35,40,36.82
41,Hermanus,ZA,2022-04-12 20:16:27,-34.4187,19.2345,65.07,81,67,2.26
42,Dingle,PH,2022-04-12 20:16:27,10.9995,122.6711,71.65,94,100,2.86
43,Hambantota,LK,2022-04-12 20:16:27,6.1241,81.1185,79.93,83,100,8.84
44,Cape Town,ZA,2022-04-12 20:16:28,-33.9258,18.4232,62.28,91,84,6.91
45,Moundou,TD,2022-04-12 20:16:28,8.5667,16.0833,87.69,42,79,8.86
46,Saint-Philippe,RE,2022-04-12 20:16:28,-21.3585,55.7679,76.59,87,95,17.2
47,Grand Gaube,MU,2022-04-12 20:17:29,-20.0064,57.6608,75.6,87,5,5.99
48,Toora-Khem,RU,2022-04-12 20:17:29,52.4675,96.11,16.84,93,27,2.33
49,Lata,PT,2022-04-12 20:17:29,40.1629,-8.3327,48.6,93,8,1.57
50,Faanui,PF,2022-04-12 20:17:29,-16.4833,-151.75,82.33,72,7,15.75
51,Mareeba,AU,2022-04-12 20:17:30,-17.0,145.4333,72.32,97,94,2.37
52,Thompson,CA,2022-04-12 20:17:30,55.7435,-97.8558,32.16,51,75,14.97
53,Iqaluit,CA,2022-04-12 20:17:30,63.7506,-68.5145,17.33,78,100,15.01
54,Lagoa,PT,2022-04-12 20:17:31,39.05,-27.9833,61.11,80,86,20.76
55,Pamyat Parizhskoy Kommuny,RU,2022-04-12 20:17:31,56.1048,44.4952,57.15,94,61,6.06
56,Mount Gambier,AU,2022-04-12 20:17:31,-37.8333,140.7667,46.06,95,0,3.76
57,Nouadhibou,MR,2022-04-12 20:17:32,20.931,-17.0347,66.18,77,3,20.71
58,Gashua,NG,2022-04-12 20:17:32,12.871,11.0482,94.08,26,97,11.95
59,Miracema Do Tocantins,BR,2022-04-12 20:17:32,-9.5618,-48.3967,85.15,72,55,1.45
60,Nishihara,JP,2022-04-12 20:17:33,26.1842,127.7558,72.68,94,75,9.22
61,Georgetown,MY,2022-04-12 20:15:08,5.4112,100.3354,80.53,89,40,1.14
62,Shenjiamen,CN,2022-04-12 20:17:33,29.9576,122.298,62.02,98,100,12.84
63,Ubinskoye,RU,2022-04-12 20:17:33,55.3068,79.6802,32.2,95,3,6.49
64,Torbay,CA,2022-04-12 20:15:09,47.6666,-52.7314,41.29,77,100,26.46
65,Launceston,AU,2022-04-12 20:17:34,-41.45,147.1667,46.15,96,16,1.14
66,Yellowknife,CA,2022-04-12 20:17:34,62.456,-114.3525,9.41,58,20,8.05
67,Shingu,JP,2022-04-12 20:17:34,33.7333,135.9833,64.87,91,100,4.03
68,Vila,PT,2022-04-12 20:17:35,42.0304,-8.1588,45.48,91,26,3.76
69,Qaqortoq,GL,2022-04-12 20:17:35,60.7167,-46.0333,39.15,47,100,9.55
70,Talnakh,RU,2022-04-12 20:17:35,69.4865,88.3972,33.21,96,100,14.97
71,Sorland,NO,2022-04-12 20:17:36,67.667,12.6934,39.11,82,82,11.23
72,New Norfolk,AU,2022-04-12 20:17:36,-42.7826,147.0587,51.71,68,6,1.01
73,Bluff,NZ,2022-04-12 20:17:36,-46.6,168.3333,48.79,59,99,10.85
74,Albuquerque,US,2022-04-12 20:17:37,35.0845,-106.6511,68.65,27,75,31.07
75,Tiksi,RU,2022-04-12 20:17:37,71.6872,128.8694,-14.93,100,99,4.36
76,Tuktoyaktuk,CA,2022-04-12 20:17:38,69.4541,-133.0374,14.0,67,20,14.97
77,Castro,BR,2022-04-12 20:17:38,-24.7911,-50.0119,65.75,96,100,7.2
78,Saskylakh,RU,2022-04-12 20:17:38,71.9167,114.0833,-14.1,100,95,3.65
79,Port Alfred,ZA,2022-04-12 20:17:39,-33.5906,26.891,67.17,92,99,1.01
80,Yar-Sale,RU,2022-04-12 20:17:39,66.8333,70.8333,34.84,99,100,13.22
81,Perelyub,RU,2022-04-12 20:17:39,51.8667,50.3667,51.87,77,76,13.76
82,Dongsheng,CN,2022-04-12 20:17:40,39.8161,109.9776,37.76,51,3,20.02
83,Aripuana,BR,2022-04-12 20:17:40,-9.1667,-60.6333,84.06,77,93,2.15
84,Longyearbyen,SJ,2022-04-12 20:17:41,78.2186,15.6401,15.64,79,75,2.3
85,Champerico,GT,2022-04-12 20:17:41,14.3,-91.9167,95.54,58,80,12.24
86,Tautira,PF,2022-04-12 20:17:41,-17.7333,-149.15,81.7,73,37,17.52
87,Ust-Nera,RU,2022-04-12 20:17:42,64.5667,143.2,-7.29,98,94,1.66
88,Tsabong,BW,2022-04-12 20:17:42,-26.0217,22.401,70.59,33,0,8.19
89,Lhokseumawe,ID,2022-04-12 20:17:42,5.1801,97.1507,80.24,83,100,6.42
90,Varkaus,FI,2022-04-12 20:17:43,62.3153,27.873,33.15,98,100,2.04
91,Flinders,AU,2022-04-12 20:17:43,-34.5833,150.8552,57.38,86,47,8.79
92,Butaritari,KI,2022-04-12 20:17:43,3.0707,172.7902,80.74,79,41,14.67
93,Chuy,UY,2022-04-12 20:17:44,-33.6971,-53.4616,68.56,51,81,8.43
94,Huilong,CN,2022-04-12 20:18:44,31.8111,121.655,58.93,95,100,18.59
95,Lompoc,US,2022-04-12 20:18:44,34.6391,-120.4579,68.56,49,0,21.0
96,Bani Walid,LY,2022-04-12 20:18:45,31.7566,13.9942,58.93,68,100,16.78
97,Markova,UA,2022-04-12 20:18:45,48.6758,24.4138,33.67,76,9,4.97
98,Atuona,PF,2022-04-12 20:18:45,-9.8,-139.0333,79.23,73,17,16.6
99,Bethel,US,2022-04-12 20:17:41,41.3712,-73.414,70.63,52,0,11.5
100,Bandar-E Lengeh,IR,2022-04-12 20:18:46,26.5579,54.8807,84.02,46,0,12.03
101,Cherskiy,RU,2022-04-12 20:18:46,68.75,161.3,-7.24,89,100,3.29
102,Castanos,MX,2022-04-12 20:18:46,26.7833,-101.4167,96.35,12,0,24.16
103,Sakakah,SA,2022-04-12 20:18:47,29.9697,40.2064,71.17,22,0,9.66
104,Hilo,US,2022-04-12 20:18:47,19.7297,-155.09,82.27,77,100,6.91
105,East London,ZA,2022-04-12 20:17:01,-33.0153,27.9116,67.28,89,100,1.99
106,Port Elizabeth,ZA,2022-04-12 20:18:47,-33.918,25.5701,67.32,89,0,8.05
107,Olafsvik,IS,2022-04-12 20:18:48,64.8945,-23.7142,37.18,75,36,13.67
108,Fenoarivo Atsinanana,MG,2022-04-12 20:18:48,-17.3667,49.4167,73.56,91,33,7.07
109,Arraial Do Cabo,BR,2022-04-12 20:18:24,-22.9661,-42.0278,80.56,74,0,13.8
110,Vardo,NO,2022-04-12 20:18:48,70.3705,31.1107,28.38,74,75,16.11
111,Morro Bay,US,2022-04-12 20:18:49,35.3658,-120.8499,65.25,42,0,8.99
112,Okhotsk,RU,2022-04-12 20:18:49,59.3833,143.3,5.88,86,88,10.04
113,Kismayo,SO,2022-04-12 20:18:49,-0.3582,42.5454,81.86,77,100,11.77
114,Severo-Kurilsk,RU,2022-04-12 20:18:50,50.6789,156.125,27.32,84,90,3.85
115,Katsuura,JP,2022-04-12 20:18:50,35.1333,140.3,62.19,95,8,12.33
116,Trincomalee,LK,2022-04-12 20:18:50,8.5711,81.2335,81.68,79,100,3.44
117,Provideniya,RU,2022-04-12 20:18:51,64.3833,-173.3,20.44,90,100,17.36
118,Bredasdorp,ZA,2022-04-12 20:17:34,-34.5322,20.0403,65.95,81,93,1.39
119,Japura,ID,2022-04-12 20:18:51,-0.3167,102.35,73.4,98,87,1.21
120,Ereymentau,KZ,2022-04-12 20:18:51,51.6199,73.1033,41.29,59,100,14.32
121,Luderitz,NA,2022-04-12 20:18:52,-26.6481,15.1594,61.2,85,3,4.03
122,Los Planes,HN,2022-04-12 20:18:52,14.05,-88.0167,75.34,23,99,6.98
123,Aksu,CN,2022-04-12 20:18:52,41.1231,80.2644,63.45,26,100,4.74
124,Linxia,CN,2022-04-12 20:18:53,35.6003,103.2064,41.0,40,6,1.5
125,Airai,TL,2022-04-12 20:18:53,-8.9266,125.4092,61.3,80,100,1.03
126,Lavrentiya,RU,2022-04-12 20:18:53,65.5833,-171.0,18.14,86,100,9.91
127,Tanout,NE,2022-04-12 20:18:54,14.9709,8.8879,90.45,9,2,9.66
128,Nanortalik,GL,2022-04-12 20:18:54,60.1432,-45.2371,36.21,67,100,4.16
129,Constitucion,CL,2022-04-12 20:15:56,-35.3333,-72.4167,62.15,53,71,18.72
130,De Aar,ZA,2022-04-12 20:18:54,-30.6497,24.0123,65.53,46,100,3.8
131,Severnoye,RU,2022-04-12 20:18:55,56.3491,78.3619,25.97,96,7,3.06
132,Ossora,RU,2022-04-12 20:18:55,59.2353,163.0719,16.03,92,100,7.85
133,Preobrazheniye,RU,2022-04-12 20:18:55,42.9019,133.9064,37.24,75,100,4.9
134,Nikolskoye,RU,2022-04-12 20:18:56,59.7035,30.7861,36.81,93,100,3.15
135,Cidreira,BR,2022-04-12 20:18:56,-30.1811,-50.2056,71.74,90,82,7.94
136,Kulhudhuffushi,MV,2022-04-12 20:18:56,6.6221,73.07,83.34,72,60,4.5
137,Antalaha,MG,2022-04-12 20:17:14,-14.9003,50.2788,74.17,87,19,6.2
138,Bulaevo,KZ,2022-04-12 20:18:57,54.9056,70.4439,42.19,59,100,13.67
139,Chopda,IN,2022-04-12 20:18:57,21.25,75.3,89.8,16,12,7.09
140,Asosa,ET,2022-04-12 20:18:57,10.0667,34.5333,63.21,87,100,4.59
141,Meulaboh,ID,2022-04-12 20:19:58,4.1363,96.1285,76.98,89,82,3.24
142,Qui Nhon,VN,2022-04-12 20:19:58,13.7667,109.2333,74.75,89,18,2.91
143,Broome,US,2022-04-12 20:19:58,42.2506,-75.833,65.7,41,0,10.36
144,Sinnamary,GF,2022-04-12 20:19:59,5.3833,-52.95,80.08,81,52,12.41
145,Manaus,BR,2022-04-12 20:19:59,-3.1019,-60.025,81.1,94,75,5.75
146,Avarua,CK,2022-04-12 20:20:00,-21.2078,-159.775,80.65,78,100,1.14
147,Sioux Lookout,CA,2022-04-12 20:15:10,50.1001,-91.917,39.27,38,75,6.91
148,Guerrero Negro,MX,2022-04-12 20:20:00,27.9769,-114.0611,65.95,62,30,23.11
149,Yenagoa,NG,2022-04-12 20:20:00,4.9247,6.2642,79.7,86,100,3.89
150,Trelew,AR,2022-04-12 20:17:16,-43.249,-65.3051,64.98,20,52,19.53
151,Norman Wells,CA,2022-04-12 20:20:01,65.282,-126.8329,19.44,45,0,6.91
152,Whitehorse,CA,2022-04-12 20:15:05,60.7161,-135.0538,22.1,34,6,4.0
153,Barrow,US,2022-04-12 20:20:01,71.2906,-156.7887,-0.38,65,40,8.05
154,Port Lincoln,AU,2022-04-12 20:20:02,-34.7333,135.8667,63.46,77,20,14.38
155,Dalvik,IS,2022-04-12 20:20:03,65.9702,-18.5286,35.53,82,85,6.69
156,Ancud,CL,2022-04-12 20:20:03,-41.8697,-73.8203,57.22,67,71,7.25
157,Mezen,RU,2022-04-12 20:20:03,65.8522,44.24,29.8,95,99,3.04
158,Harper,LR,2022-04-12 20:20:04,4.375,-7.7169,81.0,83,100,7.31
159,Nalut,LY,2022-04-12 20:20:04,30.3333,10.85,74.57,17,9,24.02
160,Dokka,NO,2022-04-12 20:20:05,60.84,10.0618,35.24,91,100,0.87
161,Saint Anthony,US,2022-04-12 20:18:45,45.0205,-93.218,53.53,57,100,16.11
162,Pevek,RU,2022-04-12 20:20:05,69.7008,170.3133,-8.57,80,100,1.97
163,Roald,NO,2022-04-12 20:20:06,62.5833,6.1333,41.32,81,0,6.91
164,Sindor,RU,2022-04-12 20:20:06,62.8629,51.8905,36.48,100,100,3.69
165,Port Hedland,AU,2022-04-12 20:20:06,-20.3167,118.5667,73.45,83,3,5.75
166,Geraldton,AU,2022-04-12 20:19:33,-28.7667,114.6,57.61,94,0,0.0
167,Esmeraldas,BR,2022-04-12 20:20:07,-19.7625,-44.3139,86.11,75,98,5.23
168,Hofn,IS,2022-04-12 20:20:07,64.2539,-15.2082,37.2,75,72,19.01
169,Innisfail,AU,2022-04-12 20:20:08,-17.5333,146.0333,76.12,78,99,6.04
170,Margate,GB,2022-04-12 20:20:08,51.3813,1.3862,54.88,81,100,4.0
171,Kruisfontein,ZA,2022-04-12 20:20:08,-34.0033,24.7314,65.28,79,82,2.89
172,Khoy,IR,2022-04-12 20:20:09,38.5504,44.9535,52.7,39,0,0.87
173,Hervey Bay,AU,2022-04-12 20:20:09,-25.2986,152.8535,68.02,92,71,8.99
174,Port Hueneme,US,2022-04-12 20:20:09,34.1478,-119.1951,70.45,32,0,16.11
175,Chokurdakh,RU,2022-04-12 20:20:10,70.6333,147.9167,-3.87,96,100,5.86
176,Maceio,BR,2022-04-12 20:18:26,-9.6658,-35.7353,81.84,69,20,11.5
177,Smithers,CA,2022-04-12 20:19:34,54.7804,-127.1743,26.92,28,40,9.22
178,Vestmanna,FO,2022-04-12 20:20:10,62.1564,-7.1664,40.12,87,100,18.41
179,Saint-Paul,RE,2022-04-12 20:20:11,-21.0096,55.2707,77.11,79,16,1.63
180,Aklavik,CA,2022-04-12 20:20:11,68.2191,-135.0107,21.2,49,40,9.22
181,Kavaratti,IN,2022-04-12 20:20:11,10.5669,72.642,84.29,71,100,5.35
182,Myrtle Beach,US,2022-04-12 20:20:12,33.6891,-78.8867,85.98,61,0,18.41
183,Seddon,AU,2022-04-12 20:20:12,-37.8068,144.8916,56.98,89,100,3.44
184,Fare,PF,2022-04-12 20:20:12,-16.7,-151.0167,82.0,72,1,19.19
185,Paamiut,GL,2022-04-12 20:20:13,61.994,-49.6678,32.99,74,7,8.86
186,Kavieng,PG,2022-04-12 20:17:38,-2.5744,150.7967,81.86,74,29,9.71
187,Bam,IR,2022-04-12 20:20:13,29.106,58.357,75.31,9,0,6.24
188,Furukawa,JP,2022-04-12 20:21:13,38.5717,140.9556,56.52,65,100,2.62
189,Denpasar,ID,2022-04-12 20:21:14,-8.65,115.2167,80.26,88,40,9.22
190,Kapaa,US,2022-04-12 20:21:14,22.0752,-159.319,81.19,79,40,14.97
191,Dongfeng,CN,2022-04-12 20:21:14,42.6403,125.5118,37.54,49,71,3.31
192,Espinho,PT,2022-04-12 20:21:15,41.0076,-8.6413,58.12,88,40,2.3
193,Chakulia,IN,2022-04-12 20:21:15,22.4833,86.7167,83.41,62,13,7.56
194,Doembang Nangbuat,TH,2022-04-12 20:21:15,14.8333,100.1,83.05,71,62,9.15
195,Pisco,PE,2022-04-12 20:20:26,-13.7,-76.2167,71.65,60,0,25.32
196,Atambua,ID,2022-04-12 20:21:16,-9.1061,124.8925,74.53,79,100,1.95
197,Nome,US,2022-04-12 20:21:06,64.5011,-165.4064,36.16,69,100,4.61
198,Bangkal,PH,2022-04-12 20:21:16,6.0667,121.0667,77.9,87,64,5.66
199,Port Keats,AU,2022-04-12 20:21:16,-14.25,129.55,75.4,90,100,8.86
200,Matagami,CA,2022-04-12 20:21:17,49.7502,-77.6328,44.71,33,75,21.85
201,Tasiilaq,GL,2022-04-12 20:21:17,65.6145,-37.6368,28.56,79,97,5.41
202,Bathsheba,BB,2022-04-12 20:21:17,13.2167,-59.5167,83.01,61,20,21.85
203,Maniitsoq,GL,2022-04-12 20:21:18,65.4167,-52.9,30.11,80,84,10.8
204,Ponta Delgada,PT,2022-04-12 20:21:18,37.7333,-25.6667,61.52,88,40,10.36
205,Clyde River,CA,2022-04-12 20:21:19,70.4692,-68.5914,3.43,78,100,18.41
206,Ontario,US,2022-04-12 20:17:36,34.0633,-117.6509,70.57,26,20,10.36
207,Labuhan,ID,2022-04-12 20:21:19,-6.8844,112.2051,76.71,86,56,5.37
208,Cobourg,DE,2022-04-12 20:21:19,50.2667,10.9667,50.05,62,100,3.38
209,Souillac,MU,2022-04-12 20:18:23,-20.5167,57.5167,75.58,94,40,12.66
210,Inzer,RU,2022-04-12 20:21:20,54.2167,57.5556,39.72,98,100,3.15
211,Dhidhdhoo,MV,2022-04-12 20:19:30,6.8833,73.1,83.44,70,28,3.94
212,Staryy Krym,UA,2022-04-12 20:21:20,45.0333,35.1,40.8,66,96,12.26
213,Leningradskiy,RU,2022-04-12 20:21:21,69.3833,178.4167,-3.98,90,88,8.28
214,Swan Hill,AU,2022-04-12 20:21:03,-35.3378,143.5544,49.48,82,0,7.58
215,Rio Grande,BR,2022-04-12 20:19:32,-32.035,-52.0986,73.51,73,96,14.09
216,Midland,US,2022-04-12 20:20:08,31.9974,-102.0779,90.81,9,0,23.02
217,Kununurra,AU,2022-04-12 20:21:21,-15.7667,128.7333,75.18,94,100,6.91
218,Tessalit,ML,2022-04-12 20:21:22,20.1986,1.0114,86.05,5,20,11.36
219,Mahebourg,MU,2022-04-12 20:21:22,-20.4081,57.7,76.24,94,40,12.66
220,Quatre Cocos,MU,2022-04-12 20:21:22,-20.2078,57.7625,76.08,81,44,17.74
221,Sur,OM,2022-04-12 20:21:23,22.5667,59.5289,86.56,30,0,7.74
222,San Patricio,US,2022-04-12 20:21:23,28.017,-97.5169,92.16,56,48,19.44
223,Jamestown,US,2022-04-12 20:18:35,42.097,-79.2353,67.51,31,0,0.0
224,Porto Walter,BR,2022-04-12 20:21:23,-8.2686,-72.7439,82.38,82,67,3.58
225,Vestmannaeyjar,IS,2022-04-12 20:21:24,63.4427,-20.2734,42.67,70,46,22.66
226,Touros,BR,2022-04-12 20:21:24,-5.1989,-35.4608,81.59,74,80,11.05
227,Marica,BR,2022-04-12 20:21:15,-22.9194,-42.8186,84.15,80,11,13.51
228,Nyurba,RU,2022-04-12 20:21:24,63.2842,118.3319,6.15,100,97,1.48
229,Portland,US,2022-04-12 20:19:07,45.5234,-122.6762,47.73,87,75,12.66
230,Alausi,EC,2022-04-12 20:21:25,-2.2,-78.8333,53.6,86,100,2.37
231,Kabompo,ZM,2022-04-12 20:21:25,-13.5927,24.2008,68.02,76,84,4.97
232,Bismil,TR,2022-04-12 20:21:26,37.8486,40.6658,53.71,85,53,2.86
233,Tiznit,MA,2022-04-12 20:21:26,29.5833,-9.5,55.04,79,30,10.49
234,Mus,TR,2022-04-12 20:22:26,39.0,41.75,38.34,98,100,8.97
235,Miri,MY,2022-04-12 20:22:27,4.4148,114.0089,77.14,94,40,3.44
236,Palmer,US,2022-04-12 20:22:27,42.1584,-72.3287,69.76,44,40,12.66
237,Charleville,AU,2022-04-12 20:22:27,-26.4,146.25,62.67,57,0,0.0
238,Ivybridge,GB,2022-04-12 20:22:28,50.3904,-3.9191,53.26,94,99,9.82
239,Vila Franca Do Campo,PT,2022-04-12 20:18:36,37.7167,-25.4333,61.21,87,100,9.1
240,Lebu,CL,2022-04-12 20:22:28,-37.6167,-73.65,55.76,66,0,16.4
241,Saint-Joseph,RE,2022-04-12 20:19:12,-21.3667,55.6167,75.58,85,55,17.16
242,La Palma,US,2022-04-12 20:22:28,33.8464,-118.0467,73.96,15,20,25.32
243,Naze,JP,2022-04-12 20:22:29,28.3667,129.4833,68.92,90,15,6.04
244,Usinsk,RU,2022-04-12 20:22:29,65.9939,57.5281,33.96,100,100,7.7
245,Ati,TD,2022-04-12 20:22:29,13.2154,18.3353,85.3,9,8,2.73
246,Lokoja,NG,2022-04-12 20:22:30,7.8024,6.743,81.41,67,97,5.23
247,Ukiah,US,2022-04-12 20:20:03,39.1502,-123.2078,53.44,66,75,11.5
248,Acarau,BR,2022-04-12 20:22:30,-2.8856,-40.12,80.56,83,100,9.31
249,Vostok,RU,2022-04-12 20:22:30,46.4856,135.8833,27.59,91,100,2.13
250,Maliq,AL,2022-04-12 20:22:31,40.7058,20.6997,43.77,79,8,2.84
251,Izhevsk,RU,2022-04-12 20:17:58,56.85,53.2333,33.96,98,57,6.11
252,Ucluelet,CA,2022-04-12 20:22:31,48.9329,-125.5528,41.09,83,97,4.0
253,Noyabrsk,RU,2022-04-12 20:22:32,63.1994,75.4507,31.33,94,94,13.67
254,Filadelfia,US,2022-04-12 20:21:22,39.9523,-75.1638,75.0,45,20,9.22
255,Torrelodones,ES,2022-04-12 20:22:32,40.5765,-3.9266,51.48,83,97,2.8
256,Dwarka,IN,2022-04-12 20:22:32,22.2394,68.9678,79.86,84,0,12.53
257,Phangnga,TH,2022-04-12 20:22:33,8.4509,98.5298,80.64,95,54,1.97
258,Pampas,PE,2022-04-12 20:22:33,-12.4,-74.9,65.16,47,17,8.88
259,Aberdeen,GB,2022-04-12 20:22:30,57.1437,-2.0981,45.09,96,100,8.05
260,San Giustino,IT,2022-04-12 20:22:33,43.5495,12.1736,53.26,69,100,0.92
261,Ushtobe,KZ,2022-04-12 20:22:34,45.2514,77.9838,55.24,30,100,9.24
262,Moron,AR,2022-04-12 20:22:34,-34.6534,-58.6198,70.97,42,6,9.66
263,Chudniv,UA,2022-04-12 20:22:34,50.052,28.1175,39.0,71,17,13.89
264,Sao Filipe,CV,2022-04-12 20:22:35,14.8961,-24.4956,71.01,76,100,11.45
265,Aranos,NA,2022-04-12 20:22:35,-24.1333,19.1167,75.67,20,85,6.08
266,Mar Del Plata,AR,2022-04-12 20:22:35,-38.0023,-57.5575,62.1,72,75,11.99
267,Xique-Xique,BR,2022-04-12 20:19:37,-10.8218,-42.7263,88.95,46,31,5.95
268,Loreto,MX,2022-04-12 20:20:12,22.2667,-101.9667,80.53,17,14,18.75
269,Luruaco,CO,2022-04-12 20:22:36,10.6092,-75.1431,92.82,52,93,16.04
270,Nunoa,PE,2022-04-12 20:22:36,-14.48,-70.6411,59.11,38,79,13.09
271,Sao Joao Da Barra,BR,2022-04-12 20:22:37,-21.6403,-41.0511,82.49,79,20,10.85
272,Sangmelima,CM,2022-04-12 20:22:37,2.9333,11.9833,71.46,88,5,2.33
273,Ambilobe,MG,2022-04-12 20:22:37,-13.2,49.05,73.58,89,81,3.6
274,Bambous Virieux,MU,2022-04-12 20:22:38,-20.3428,57.7575,76.21,94,40,12.66
275,Grindavik,IS,2022-04-12 20:22:38,63.8424,-22.4338,44.55,75,40,4.61
276,Santacruz,CO,2022-04-12 20:22:38,1.5209,-77.2621,69.35,83,75,8.05
277,Mosetse,BW,2022-04-12 20:22:38,-20.75,26.65,75.31,37,61,4.72
278,Luwuk,ID,2022-04-12 20:22:39,-0.9516,122.7875,75.78,77,85,3.58
279,San Cristobal,VE,2022-04-12 20:19:59,7.7669,-72.225,80.78,53,34,6.17
280,Bengkulu,ID,2022-04-12 20:22:39,-3.8004,102.2655,76.24,89,96,2.8
281,Haimen,CN,2022-04-12 20:23:40,23.1935,116.6142,69.69,88,0,2.59
282,Harnosand,SE,2022-04-12 20:23:40,62.6323,17.9379,33.82,88,20,4.34
283,Shaoguan,CN,2022-04-12 20:23:40,24.8,113.5833,69.85,84,17,2.51
284,Lorengau,PG,2022-04-12 20:23:41,-2.0226,147.2712,79.93,78,11,4.9
285,Dikson,RU,2022-04-12 20:23:41,73.5069,80.5464,23.86,96,100,1.32
286,Chapais,CA,2022-04-12 20:23:41,49.7834,-74.8492,42.58,72,46,13.69
287,Naryan-Mar,RU,2022-04-12 20:23:42,67.6713,53.087,29.21,92,99,10.0
288,Carutapera,BR,2022-04-12 20:23:42,-1.195,-46.02,78.37,89,100,6.06
289,Hargeysa,SO,2022-04-12 20:23:42,9.56,44.065,70.32,68,7,7.52
290,Qaanaaq,GL,2022-04-12 20:23:43,77.484,-69.3632,1.08,91,95,4.76
291,Beacon,US,2022-04-12 20:20:59,41.5048,-73.9696,72.32,44,40,13.8
292,Noumea,NC,2022-04-12 20:23:43,-22.2763,166.4572,77.0,99,1,7.23
293,Solnechnyy,RU,2022-04-12 20:23:43,50.7214,136.6319,23.32,96,100,4.92
294,Vila Velha,BR,2022-04-12 20:23:44,-20.3297,-40.2925,84.15,81,40,10.36
295,Saint George,US,2022-04-12 20:23:44,37.1041,-113.5841,54.95,11,0,13.8
296,Flin Flon,CA,2022-04-12 20:23:44,54.7682,-101.865,17.44,57,100,11.5
297,Pasni,PK,2022-04-12 20:23:45,25.2631,63.471,79.32,77,0,10.36
298,Koumac,NC,2022-04-12 20:23:45,-20.5667,164.2833,74.68,73,3,9.89
299,Russell,US,2022-04-12 20:23:45,32.3502,-85.1999,81.12,50,0,10.36
300,Macas,EC,2022-04-12 20:20:33,-2.3167,-78.1167,78.55,65,40,10.36
301,Acapulco,MX,2022-04-12 20:20:52,16.8634,-99.8901,85.82,66,75,10.36
302,Thinadhoo,MV,2022-04-12 20:23:46,0.5333,72.9333,83.91,68,27,12.5
303,Asau,RO,2022-04-12 20:23:46,46.4333,26.4,42.96,62,100,3.65
304,Kirakira,SB,2022-04-12 20:23:47,-10.4544,161.9205,80.58,81,50,5.91
305,Kigoma,TZ,2022-04-12 20:23:47,-4.8769,29.6267,74.98,74,75,0.29
306,Puro,PH,2022-04-12 20:23:47,12.4841,123.3827,77.31,86,100,7.11
307,Blackwater,AU,2022-04-12 20:23:48,-23.5833,148.8833,67.59,87,3,4.61
308,Ayia Galini,GR,2022-04-12 20:23:48,35.1,24.6833,52.75,65,6,1.99
309,Campoverde,PE,2022-04-12 20:23:48,-8.4753,-74.8058,89.29,58,96,2.3
310,Danielskuil,ZA,2022-04-12 20:23:49,-28.1887,23.5395,58.96,61,2,2.15
311,Merauke,ID,2022-04-12 20:23:49,-8.4667,140.3333,78.04,91,100,11.12
312,Kahului,US,2022-04-12 20:19:07,20.8947,-156.47,82.42,68,40,18.41
313,Shimoda,JP,2022-04-12 20:23:49,34.6667,138.95,63.1,95,36,7.94
314,Aquiraz,BR,2022-04-12 20:23:50,-3.9014,-38.3911,84.29,76,86,8.59
315,Soe,ID,2022-04-12 20:23:50,-9.8607,124.284,66.99,77,97,2.48
316,Mithi,PK,2022-04-12 20:23:50,24.7318,69.7981,77.16,84,0,18.25
317,Broken Hill,AU,2022-04-12 20:23:51,-31.95,141.4333,56.91,44,12,8.05
318,Hamilton,US,2022-04-12 20:21:52,39.1834,-84.5333,67.73,83,100,10.36
319,Puri,IN,2022-04-12 20:23:51,19.8,85.85,81.12,86,2,22.57
320,Lobito,AO,2022-04-12 20:23:51,-12.3481,13.5456,77.18,88,12,6.53
321,Thyboron,DK,2022-04-12 20:23:52,56.6985,8.2124,46.18,69,100,18.5
322,Port-Cartier,CA,2022-04-12 20:23:52,50.0334,-66.8654,34.75,100,100,2.51
323,Artyom,AZ,2022-04-12 20:23:52,40.4723,50.333,55.54,84,1,30.69
324,Batemans Bay,AU,2022-04-12 20:24:53,-35.7167,150.1833,58.1,86,8,3.67
325,Bundaberg,AU,2022-04-12 20:24:53,-24.85,152.35,68.29,97,32,6.91
326,Challapata,BO,2022-04-12 20:24:53,-18.9,-66.7667,58.55,14,6,11.7
327,Mnogovershinnyy,RU,2022-04-12 20:24:54,53.9353,139.9242,13.84,97,100,2.8
328,Kampene,CD,2022-04-12 20:24:54,-3.6,26.6667,71.38,91,100,1.74
329,Nova Aurora,BR,2022-04-12 20:24:54,-22.8667,-52.5667,75.18,88,69,5.68
330,Marrakesh,MA,2022-04-12 20:24:55,31.6315,-8.0083,64.47,55,40,11.5
331,Maturin,VE,2022-04-12 20:24:55,9.75,-63.1767,94.89,31,6,15.82
332,Ryotsu,JP,2022-04-12 20:24:55,38.0833,138.4333,58.37,78,100,2.64
333,Te Anau,NZ,2022-04-12 20:24:56,-45.4167,167.7167,42.04,90,72,1.59
334,Rocha,UY,2022-04-12 20:24:26,-34.4833,-54.3333,66.92,49,1,7.25
335,Mount Isa,AU,2022-04-12 20:24:56,-20.7333,139.5,80.37,34,75,9.22
336,Dargaville,NZ,2022-04-12 20:24:56,-35.9333,173.8833,65.53,78,100,16.15
337,Mlimba,TZ,2022-04-12 20:24:57,-8.8,35.8167,71.17,96,84,2.3
338,Torres,BR,2022-04-12 20:24:57,-29.3353,-49.7269,74.82,82,97,3.04
339,Requena,ES,2022-04-12 20:24:57,39.4883,-1.1004,48.52,93,100,2.82
340,Marystown,CA,2022-04-12 20:24:58,47.1666,-55.1483,44.85,100,34,8.01
341,Biak,ID,2022-04-12 20:24:58,-0.9131,122.8766,75.27,78,77,3.56
342,College,US,2022-04-12 20:22:58,64.8569,-147.8028,39.58,36,20,11.5
343,Mastung,PK,2022-04-12 20:24:58,29.7994,66.845,64.22,11,0,3.96
344,Kutum,SD,2022-04-12 20:24:59,14.2,24.6667,79.86,10,0,9.35
345,Dunmore East,IE,2022-04-12 20:24:59,52.1514,-6.9861,51.69,77,75,1.14
346,Ballina,AU,2022-04-12 20:24:59,-28.8667,153.5667,66.38,100,75,1.14
347,Zwedru,LR,2022-04-12 20:25:00,6.0667,-8.1281,75.56,96,90,4.7
348,Puerto El Triunfo,SV,2022-04-12 20:25:00,13.2833,-88.55,89.51,48,48,10.33
349,Sobolevo,RU,2022-04-12 20:25:00,54.4299,31.8996,34.68,98,100,19.93
350,Tadine,NC,2022-04-12 20:25:01,-21.55,167.8833,75.85,74,67,8.86
351,Havre-Saint-Pierre,CA,2022-04-12 20:25:01,50.2334,-63.5986,37.76,65,100,5.75
352,Adrar,MR,2022-04-12 20:25:02,20.5022,-10.0711,85.1,9,68,9.19
353,Garowe,SO,2022-04-12 20:25:02,8.4054,48.4845,79.12,65,1,12.3
354,Bad Sooden-Allendorf,DE,2022-04-12 20:25:03,51.2833,9.9833,53.15,69,100,3.67
355,Najran,SA,2022-04-12 20:25:03,17.4924,44.1277,77.65,20,0,4.97
356,Belaya Gora,RU,2022-04-12 20:25:03,68.5333,146.4167,-3.39,99,100,4.43
357,Terrace,CA,2022-04-12 20:22:10,54.5163,-128.6035,35.51,23,20,9.22
358,Husavik,IS,2022-04-12 20:25:04,66.0449,-17.3389,34.81,75,100,13.02
359,Port-Gentil,GA,2022-04-12 20:25:04,-0.7193,8.7815,80.96,83,34,10.78
360,Nsunga,TZ,2022-04-12 20:25:05,-1.1439,31.3947,64.49,84,74,2.66
361,Feijo,BR,2022-04-12 20:25:05,-8.1642,-70.3536,85.95,72,41,1.72
362,Calderitas,MX,2022-04-12 20:25:05,18.55,-88.25,86.11,70,40,18.41
363,Khatanga,RU,2022-04-12 20:24:17,71.9667,102.5,-6.84,94,52,7.65
364,Berga,NO,2022-04-12 20:25:06,60.392,5.328,44.15,61,0,3.44
365,Isangel,VU,2022-04-12 20:22:47,-19.55,169.2667,78.87,81,11,3.8
366,Ixtapa,MX,2022-04-12 20:25:06,20.7,-105.2,79.83,61,40,14.97
367,Soyo,AO,2022-04-12 20:25:06,-6.1349,12.3689,79.3,89,88,6.62
368,Lubumbashi,CD,2022-04-12 20:25:07,-11.6609,27.4794,62.35,96,10,3.53
369,Osmena,PH,2022-04-12 20:26:07,10.5208,119.9258,78.48,81,100,5.48
370,Tripoli,LY,2022-04-12 20:26:08,32.8752,13.1875,63.59,62,100,23.78
371,Artvin,TR,2022-04-12 20:26:08,41.1667,41.8333,36.12,98,99,3.65
372,Aasiaat,GL,2022-04-12 20:26:08,68.7098,-52.8699,27.7,83,24,6.73
373,Koshurnikovo,RU,2022-04-12 20:26:08,54.1667,93.3,17.74,95,37,3.74
374,Brae,GB,2022-04-12 20:26:09,60.3964,-1.353,42.94,82,100,17.07
375,Agadez,NE,2022-04-12 20:26:09,19.75,10.25,87.89,7,0,11.79
376,Petatlan,MX,2022-04-12 20:26:09,17.5167,-101.2667,85.8,47,100,7.85
377,Kedrovyy,RU,2022-04-12 20:26:10,56.1667,91.8167,19.87,99,81,2.77
378,Lasa,IT,2022-04-12 20:26:10,46.6166,10.7002,56.28,88,100,1.03
379,Lucapa,AO,2022-04-12 20:26:11,-8.4192,20.7447,69.17,84,74,2.24
380,Codrington,AU,2022-04-12 20:26:11,-38.2667,141.9667,52.47,88,68,1.79
381,Mana,GF,2022-04-12 20:26:11,5.6592,-53.7767,80.73,78,41,11.39
382,Mogadishu,SO,2022-04-12 20:26:12,2.0371,45.3438,82.56,76,8,10.09
383,Chumikan,RU,2022-04-12 20:26:12,54.7183,135.315,21.99,96,100,8.86
384,Marsa Matruh,EG,2022-04-12 20:26:12,31.3525,27.2453,59.2,55,0,13.8
385,Zaoyang,CN,2022-04-12 20:26:13,32.1272,112.7542,54.21,80,100,13.31
386,Nizwa,OM,2022-04-12 20:26:13,22.9333,57.5333,82.8,17,0,3.36
387,Ampere,BR,2022-04-12 20:26:13,-25.915,-53.4728,71.98,97,98,3.65
388,Deder,ET,2022-04-12 20:26:14,9.3167,41.45,58.37,70,11,3.71
389,Tura,IN,2022-04-12 20:21:26,25.5198,90.2201,71.55,91,100,4.0
390,Bella Union,UY,2022-04-12 20:26:14,-30.2752,-57.6007,73.02,67,94,8.1
391,Changli,CN,2022-04-12 20:26:14,39.7042,119.1506,47.26,38,100,4.12
392,Mombaca,BR,2022-04-12 20:26:15,-5.7431,-39.6275,84.87,64,100,3.91
393,Xichang,CN,2022-04-12 20:26:15,27.8964,102.2634,55.99,84,0,1.3
394,Beringovskiy,RU,2022-04-12 20:26:15,63.05,179.3167,18.57,94,100,14.36
395,Rabat,MA,2022-04-12 20:26:16,33.9911,-6.8401,61.16,80,75,5.75
396,Tijuana,MX,2022-04-12 20:22:22,32.5333,-117.0167,69.24,37,20,23.02
397,Sergeyevka,KZ,2022-04-12 20:26:16,53.88,67.4158,47.37,47,100,16.2
398,Kuito,AO,2022-04-12 20:26:17,-12.3833,16.9333,59.92,90,88,2.66
399,Khandyga,RU,2022-04-12 20:26:17,62.6667,135.6,-6.52,100,94,1.72
400,Tabou,CI,2022-04-12 20:26:17,4.423,-7.3528,80.91,84,100,7.05
401,Beipiao,CN,2022-04-12 20:26:18,41.7919,120.7792,40.96,30,97,3.67
402,Pitimbu,BR,2022-04-12 20:23:03,-7.4706,-34.8086,82.99,73,72,9.13
403,Shahgarh,IN,2022-04-12 20:26:18,24.3167,79.1333,89.78,18,92,5.21
404,Filingue,NE,2022-04-12 20:26:18,14.3521,3.3168,96.55,17,54,1.16
405,Marsh Harbour,BS,2022-04-12 20:24:05,26.5412,-77.0636,75.15,60,2,17.4
406,Aswan,EG,2022-04-12 20:26:19,24.0934,32.907,81.7,12,0,9.22
407,Udachnyy,RU,2022-04-12 20:26:19,66.4167,112.4,5.09,100,98,2.82
408,Takoradi,GH,2022-04-12 20:26:20,4.8845,-1.7554,81.55,81,100,11.03
409,Sai Buri,TH,2022-04-12 20:26:20,6.7013,101.6168,77.77,87,94,2.28
410,Saquena,PE,2022-04-12 20:26:20,-4.6667,-73.5167,82.69,88,100,1.77
411,Yakeshi,CN,2022-04-12 20:26:21,49.2833,120.7333,29.35,50,77,0.49
412,Walvis Bay,NA,2022-04-12 20:26:21,-22.9575,14.5053,59.09,88,100,2.3
413,Finschhafen,PG,2022-04-12 20:27:22,-6.6024,147.8681,79.43,79,25,5.66
414,Dakar,SN,2022-04-12 20:23:56,14.6937,-17.4441,69.93,88,20,9.22
415,Rakvice,CZ,2022-04-12 20:27:22,48.8581,16.8133,50.92,69,11,5.14
416,Emba,KZ,2022-04-12 20:26:47,48.8264,58.1442,54.88,68,14,6.49
417,Keti Bandar,PK,2022-04-12 20:27:23,24.1447,67.4497,80.11,78,0,14.61
418,Orlik,RU,2022-04-12 20:27:23,52.5178,99.825,0.01,94,100,1.68
419,Mecca,SA,2022-04-12 20:27:23,21.4267,39.8261,83.46,36,0,3.47
420,Fayaoue,NC,2022-04-12 20:27:23,-20.65,166.5333,78.4,73,14,6.53
421,Bahia Blanca,AR,2022-04-12 20:27:24,-38.7196,-62.2724,58.19,59,52,11.97
422,Miyako,JP,2022-04-12 20:23:21,39.6367,141.9525,55.29,73,100,6.24
423,Chara,RU,2022-04-12 20:27:24,56.9064,118.2631,9.95,80,55,2.28
424,Mehamn,NO,2022-04-12 20:27:25,71.0357,27.8492,30.11,72,97,16.2
425,Westport,US,2022-04-12 20:24:06,41.1415,-73.3579,72.28,49,20,11.5
426,Ipixuna,BR,2022-04-12 20:27:25,-1.7625,-48.8043,78.98,86,93,4.88
427,Peabiru,BR,2022-04-12 20:27:25,-23.9128,-52.3431,74.5,90,99,1.32
428,Ramsgate,GB,2022-04-12 20:27:26,51.3358,1.4155,54.84,80,100,3.0
429,Fort Nelson,CA,2022-04-12 20:23:07,58.8053,-122.7002,18.99,42,75,5.75
430,Kaspiyskiy,RU,2022-04-12 20:27:26,45.3929,47.3707,51.22,79,98,33.69
431,Mezhdurechensk,RU,2022-04-12 20:27:26,53.6942,88.0603,24.46,99,45,1.54
432,Quang Ngai,VN,2022-04-12 20:27:27,15.1167,108.8,72.82,94,35,1.54
433,Anadyr,RU,2022-04-12 20:27:27,64.75,177.4833,25.3,80,75,26.84
434,Bonthe,SL,2022-04-12 20:27:27,7.5264,-12.505,79.03,87,93,7.7
435,Moranbah,AU,2022-04-12 20:27:28,-22.0016,148.0466,67.39,92,19,7.96
436,Ostrovnoy,RU,2022-04-12 20:27:28,68.0531,39.5131,23.47,92,14,11.25
437,Grand Haven,US,2022-04-12 20:27:28,43.0631,-86.2284,69.85,19,100,14.97
438,Lazi,UA,2022-04-12 20:27:29,48.0667,24.2333,30.6,89,59,4.76
439,Mundo Nuevo,MX,2022-04-12 20:27:29,18.7,-95.5,83.55,70,100,16.44
440,Barao De Melgaco,BR,2022-04-12 20:27:29,-16.1944,-55.9675,88.74,49,100,3.4
441,Kez,RU,2022-04-12 20:27:30,57.8979,53.7152,36.57,93,0,4.99
442,Malaut,IN,2022-04-12 20:27:30,30.2167,74.4833,79.92,14,0,4.45
443,Sambava,MG,2022-04-12 20:27:30,-14.2667,50.1667,75.58,89,12,10.38
444,Rajsamand,IN,2022-04-12 20:27:31,25.0667,73.8833,79.02,18,0,7.67
445,Ponta Do Sol,PT,2022-04-12 20:27:31,32.6667,-17.1,65.12,73,42,6.55
446,Sisimiut,GL,2022-04-12 20:27:31,66.9395,-53.6735,30.9,70,37,7.83
447,Mbandaka,CD,2022-04-12 20:27:31,0.0487,18.2603,76.6,72,9,3.71
448,Necochea,AR,2022-04-12 20:27:32,-38.5473,-58.7368,58.35,68,34,15.9
449,Ahuimanu,US,2022-04-12 20:27:32,21.4447,-157.8378,82.11,72,40,16.11
450,Calama,CL,2022-04-12 20:27:32,-22.4667,-68.9333,68.49,18,0,25.32
451,Padang,ID,2022-04-12 20:27:33,-0.9492,100.3543,76.98,88,56,2.59
452,Moose Factory,CA,2022-04-12 20:27:33,51.2585,-80.6094,44.6,56,100,19.57
453,Port Hardy,CA,2022-04-12 20:27:33,50.6996,-127.4199,46.58,46,75,14.97
454,Bereda,ES,2022-04-12 20:27:34,43.2686,-7.5406,46.45,96,20,3.58
455,Dalbandin,PK,2022-04-12 20:27:34,28.8947,64.4101,76.78,8,42,3.53
456,Zaltan,LY,2022-04-12 20:27:34,32.947,11.8665,67.78,52,70,20.11
457,Ust-Maya,RU,2022-04-12 20:27:35,60.4167,134.5333,-3.01,100,55,0.89
458,Muros,ES,2022-04-12 20:28:35,42.7762,-9.0603,56.84,89,33,5.48
459,Waingapu,ID,2022-04-12 20:28:35,-9.6567,120.2641,76.23,76,97,5.14
460,Do Gonbadan,IR,2022-04-12 20:28:36,30.3586,50.7981,71.69,24,60,0.0
461,Wieliczka,PL,2022-04-12 20:28:36,49.9874,20.0647,46.22,43,100,4.81
462,Tomatlan,MX,2022-04-12 20:28:36,19.9333,-105.25,96.22,31,100,15.01
463,Ermont,FR,2022-04-12 20:28:37,48.99,2.258,63.21,68,0,6.91
464,Ilulissat,GL,2022-04-12 20:28:37,69.2167,-51.1,30.22,59,0,6.91
465,Lawigan,PH,2022-04-12 20:28:37,10.487,122.0354,73.72,90,100,2.89
466,Dubuque,US,2022-04-12 20:25:17,42.4833,-90.8668,66.61,47,100,27.63
467,Ust-Kuyga,RU,2022-04-12 20:27:16,70.0167,135.6,-8.34,100,100,0.98
468,Sault Sainte Marie,CA,2022-04-12 20:28:38,46.5168,-84.3333,53.89,32,0,8.05
469,Maniwaki,CA,2022-04-12 20:28:38,46.3834,-75.966,61.18,21,82,13.8
470,Akyab,MM,2022-04-12 20:28:38,20.15,92.9,79.81,82,7,5.66
471,Portales,US,2022-04-12 20:26:37,34.1862,-103.3344,81.93,10,2,18.01
472,Bandarbeyla,SO,2022-04-12 20:28:39,9.4942,50.8122,81.41,80,7,6.64
473,Ayan,RU,2022-04-12 20:28:39,56.45,138.1667,19.4,83,99,5.28
474,Fortuna,US,2022-04-12 20:28:39,40.5982,-124.1573,51.98,71,100,8.05
475,Pundaguitan,PH,2022-04-12 20:28:40,6.3711,126.1689,81.72,73,100,8.84
476,Oudtshoorn,ZA,2022-04-12 20:28:40,-33.5907,22.2014,62.96,52,2,1.16
477,Abu Samrah,SY,2022-04-12 20:28:40,35.3029,37.1841,51.08,78,0,14.92
478,Bay Roberts,CA,2022-04-12 20:28:41,47.5999,-53.2648,42.06,67,93,11.99
479,Kathmandu,NP,2022-04-12 20:28:41,27.7167,85.3167,68.22,88,20,2.3
480,Oyama,JP,2022-04-12 20:28:41,36.3,139.8,65.59,74,14,1.97
481,Sitka,US,2022-04-12 20:28:42,57.0531,-135.33,42.69,28,20,8.05
482,Namatanai,PG,2022-04-12 20:28:42,-3.6667,152.4333,78.13,78,42,6.6
483,Saba,HN,2022-04-12 20:28:42,15.4667,-86.25,86.31,48,92,6.55
484,Kupang,ID,2022-04-12 20:25:23,-10.1667,123.5833,76.87,85,66,2.66
485,Coari,BR,2022-04-12 20:26:12,-4.085,-63.1414,82.06,87,92,3.24
486,Gannan,CN,2022-04-12 20:28:43,47.9147,123.5031,34.86,37,100,6.44
487,Mayumba,GA,2022-04-12 20:26:20,-3.432,10.6554,78.06,89,41,4.56
488,Sevierville,US,2022-04-12 20:28:27,35.8681,-83.5618,73.62,55,100,5.08
489,Razumnoye,RU,2022-04-12 20:28:43,50.5344,36.6846,43.88,100,75,11.18
490,Tuatapere,NZ,2022-04-12 20:28:44,-46.1333,167.6833,46.15,81,70,3.78
491,Deputatskiy,RU,2022-04-12 20:28:44,69.3,139.9,-0.87,97,100,2.39
492,Bograd,RU,2022-04-12 20:28:44,54.2344,90.8328,27.84,97,93,3.02
493,Pingtung,TW,2022-04-12 20:28:45,22.6714,120.4881,76.82,76,40,2.3
494,Valparaiso,CL,2022-04-12 20:28:45,-33.0393,-71.6273,73.63,46,0,13.8
495,Alice Springs,AU,2022-04-12 20:28:45,-23.7,133.8833,69.22,32,6,0.0
496,Saint-Michel-Des-Saints,CA,2022-04-12 20:27:41,46.6834,-73.9159,52.93,65,6,10.76
497,Buchanan,LR,2022-04-12 20:28:46,5.8808,-10.0467,79.72,87,100,6.87
498,Maningrida,AU,2022-04-12 20:28:46,-12.0667,134.2667,75.9,96,73,6.67
499,Altay,CN,2022-04-12 20:28:46,47.8667,88.1167,37.54,39,0,8.63
500,Kitimat,CA,2022-04-12 20:28:47,54.0524,-128.6534,35.98,36,63,11.27
501,Risti,EE,2022-04-12 20:28:47,58.9975,24.058,36.59,77,4,4.12
502,Itarema,BR,2022-04-12 20:28:47,-2.9248,-39.9167,80.2,84,100,8.84
503,Egvekinot,RU,2022-04-12 20:28:48,66.3167,-179.1667,0.21,90,100,12.59
504,Banda Aceh,ID,2022-04-12 20:25:03,5.5577,95.3222,80.08,81,43,6.67
505,Pangkalanbuun,ID,2022-04-12 20:29:48,-2.6833,111.6167,73.04,97,68,1.01
506,Srednekolymsk,RU,2022-04-12 20:29:48,67.45,153.6833,-11.74,100,81,0.98
507,Abalak,RU,2022-04-12 20:29:49,58.1286,68.5944,31.93,92,60,6.11
508,Lixourion,GR,2022-04-12 20:29:49,38.2019,20.4314,53.91,72,62,2.37
509,Kamina,CD,2022-04-12 20:29:49,-8.7386,24.9906,65.71,93,63,2.66
510,Sechura,PE,2022-04-12 20:29:50,-5.5569,-80.8222,81.84,56,32,14.9
511,Barcelona,ES,2022-04-12 20:28:12,41.3888,2.159,60.75,80,75,18.41
512,West Wendover,US,2022-04-12 20:29:50,40.7391,-114.0733,42.01,22,40,25.32
513,Bagu,PH,2022-04-12 20:29:50,18.4228,121.3583,75.07,88,71,3.83
514,Awjilah,LY,2022-04-12 20:29:51,29.1081,21.2869,67.24,23,100,8.57
515,Henties Bay,NA,2022-04-12 20:29:51,-22.116,14.2845,65.34,79,100,6.85
516,Komsomolskiy,UZ,2022-04-12 20:29:51,40.4272,71.7189,65.12,55,53,6.91
517,Eureka,US,2022-04-12 20:29:52,40.8021,-124.1637,53.2,64,75,5.01
518,Kamenka,RU,2022-04-12 20:29:52,51.3223,42.7678,53.2,75,42,13.87
519,Big Spring,US,2022-04-12 20:29:52,32.2504,-101.4787,90.23,8,0,21.85
520,Enugu,NG,2022-04-12 20:29:53,6.4402,7.4943,76.39,94,75,9.22
521,Kinablangan,PH,2022-04-12 20:29:53,7.6947,126.5503,78.44,75,85,8.03
522,Alofi,NU,2022-04-12 20:29:53,-19.0595,-169.9187,82.29,83,40,5.75
523,Wanxian,CN,2022-04-12 20:29:54,30.8039,108.3897,59.38,92,2,3.78
524,Illela,NG,2022-04-12 20:29:54,13.7292,5.2975,92.52,15,7,3.27
525,Santa Isabel,BR,2022-04-12 20:29:54,-23.3156,-46.2214,81.7,79,100,3.76
526,Kholmogory,RU,2022-04-12 20:29:55,64.2229,41.656,33.35,96,100,2.19
527,Vao,NC,2022-04-12 20:29:55,-22.6667,167.4833,75.83,72,2,11.72
528,Huarmey,PE,2022-04-12 20:29:55,-10.0681,-78.1522,73.09,72,9,13.56
529,Caravelas,BR,2022-04-12 20:29:55,-17.7125,-39.2481,79.41,75,96,5.19
530,Tiarei,PF,2022-04-12 20:29:56,-17.5333,-149.3333,86.02,74,12,17.52
531,Lake City,US,2022-04-12 20:28:48,30.1897,-82.6393,85.62,39,0,3.44
532,Saint-Augustin,CA,2022-04-12 20:29:56,51.226,-58.6502,35.15,100,90,5.14
533,Richards Bay,ZA,2022-04-12 20:29:57,-28.783,32.0377,70.43,93,42,7.45
534,Svetlopolyansk,RU,2022-04-12 20:29:57,59.4184,52.3605,34.48,99,68,4.99
535,Umm Lajj,SA,2022-04-12 20:29:57,25.0213,37.2685,75.27,63,100,8.95
536,Lagos,NG,2022-04-12 20:29:57,6.5833,3.75,77.32,84,95,4.03
537,Pontianak,ID,2022-04-12 20:27:56,-0.0333,109.3333,75.18,100,75,1.14
538,Santa Cruz De La Palma,ES,2022-04-12 20:29:58,28.6835,-17.7642,66.34,72,40,17.27
539,Pochutla,MX,2022-04-12 20:29:58,15.7432,-96.4661,89.82,44,100,11.54
540,Abu Dhabi,AE,2022-04-12 20:25:26,24.4667,54.3667,86.02,43,0,5.75
541,Camacha,PT,2022-04-12 20:29:59,33.0833,-16.3333,58.42,94,75,17.27
542,Marawi,PH,2022-04-12 20:29:59,7.9986,124.2928,67.6,95,76,3.22
543,Kingaroy,AU,2022-04-12 20:29:59,-26.5333,151.8333,59.04,100,100,3.44
544,Camargo,MX,2022-04-12 20:30:00,27.6667,-105.1667,86.47,8,0,16.28
545,Porto Novo,BJ,2022-04-12 20:30:00,6.4965,2.6036,75.02,75,94,6.06
546,Isahaya,JP,2022-04-12 20:30:00,32.8411,130.0431,65.35,88,60,1.72
547,Oistins,BB,2022-04-12 20:30:01,13.0667,-59.5333,82.49,61,20,21.85
548,Lakes Entrance,AU,2022-04-12 20:30:02,-37.8811,147.981,52.16,77,70,7.0
549,Buraydah,SA,2022-04-12 20:29:29,26.326,43.975,79.25,15,57,11.34
550,Olinda,BR,2022-04-12 20:29:37,-8.0089,-34.8553,83.93,65,40,6.91
551,Ulaanbaatar,MN,2022-04-12 20:30:20,47.9077,106.8832,15.93,79,0,0.0
552,Calatayud,ES,2022-04-12 20:31:03,41.3535,-1.6432,47.55,57,100,3.13
553,Macia,MZ,2022-04-12 20:31:04,-25.0269,33.0989,71.46,94,0,5.59
554,Soldotna,US,2022-04-12 20:28:52,60.4878,-151.0583,45.95,54,0,6.91
